注文日,注文番号,商品カテゴリ,商品名,数量,売上金額,担当者
2026-03-01,ORD-20260301-001,電子機器,4K液晶モニター,2,88000,佐藤 拓也
2026-03-01,ORD-20260301-002,オフィス用品,エルゴノミクスチェア,1,45000,鈴木 恵美
2026-03-01,ORD-20260301-003,電子機器,ワイヤレスマウス,5,15000,高橋 健一
2026-03-02,ORD-20260302-004,ソフトウェア,会計ソフトライセンス,3,120000,田中 裕子
2026-03-02,ORD-20260302-005,電子機器,ハイエンドノートPC,1,220000,伊藤 誠
2026-03-02,ORD-20260302-006,オフィス用品,昇降式デスク,2,96000,佐藤 拓也
2026-03-03,ORD-20260303-007,サービス,年間保守サポートパック,1,150000,鈴木 恵美
2026-03-03,ORD-20260303-008,電子機器,メカニカルキーボード,4,32000,高橋 健一
2026-03-03,ORD-20260303-009,オフィス用品,キャビネットセット,1,38000,田中 裕子
2026-03-04,ORD-20260304-010,電子機器,Webカメラ 4K,3,42000,伊藤 誠
2026-03-04,ORD-20260304-011,ソフトウェア,グループウェア年間契約,2,180000,佐藤 拓也
2026-03-04,ORD-20260304-012,電子機器,USB-Cドッキングステーション,5,40000,鈴木 恵美
2026-03-05,ORD-20260305-013,オフィス用品,ホワイトボード大型,2,28000,高橋 健一
2026-03-05,ORD-20260305-014,電子機器,ノイズキャンセリングヘッドセット,3,54000,田中 裕子
2026-03-05,ORD-20260305-015,サービス,クラウド導入コンサルティング,1,300000,伊藤 誠
2026-03-06,ORD-20260306-016,電子機器,4K液晶モニター,1,44000,佐藤 拓也
2026-03-06,ORD-20260306-017,オフィス用品,エルゴノミクスチェア,2,90000,鈴木 恵美
2026-03-06,ORD-20260306-018,ソフトウェア,セキュリティソフト5台版,4,48000,高橋 健一
2026-03-07,ORD-20260307-019,電子機器,ハイエンドノートPC,2,440000,田中 裕子
2026-03-07,ORD-20260307-020,オフィス用品,事務用品詰合せセット,10,20000,伊藤 誠
2026-03-08,ORD-20260308-021,電子機器,ワイヤレスマウス,8,24000,佐藤 拓也
2026-03-08,ORD-20260308-022,サービス,年間保守サポートパック,1,150000,高橋 健一
2026-03-09,ORD-20260309-023,オフィス用品,昇降式デスク,1,48000,鈴木 恵美
2026-03-09,ORD-20260309-024,電子機器,Webカメラ 4K,2,28000,田中 裕子
2026-03-09,ORD-20260309-025,ソフトウェア,会計ソフトライセンス,1,40000,伊藤 誠
2026-03-10,ORD-20260310-026,電子機器,メカニカルキーボード,2,16000,佐藤 拓也
2026-03-10,ORD-20260310-027,オフィス用品,キャビネットセット,2,76000,鈴木 恵美
2026-03-10,ORD-20260310-028,電子機器,USB-Cドッキングステーション,3,24000,高橋 健一
2026-03-11,ORD-20260311-029,サービス,オンサイト研修サービス,1,200000,田中 裕子
2026-03-11,ORD-20260311-030,電子機器,ノイズキャンセリングヘッドセット,2,36000,伊藤 誠
2026-03-12,ORD-20260312-031,オフィス用品,エルゴノミクスチェア,1,45000,佐藤 拓也
2026-03-12,ORD-20260312-032,電子機器,4K液晶モニター,3,132000,鈴木 恵美
2026-03-13,ORD-20260313-033,ソフトウェア,グループウェア年間契約,1,90000,高橋 健一
2026-03-13,ORD-20260313-034,オフィス用品,事務用品詰合せセット,5,10000,田中 裕子
2026-03-14,ORD-20260314-035,電子機器,ハイエンドノートPC,1,220000,伊藤 誠
2026-03-14,ORD-20260314-036,サービス,クラウド導入コンサルティング,1,300000,佐藤 拓也
2026-03-15,ORD-20260315-037,電子機器,Webカメラ 4K,4,56000,鈴木 恵美
2026-03-15,ORD-20260315-038,オフィス用品,昇降式デスク,1,48000,高橋 健一
2026-03-15,ORD-20260315-039,ソフトウェア,セキュリティソフト5台版,2,24000,田中 裕子
2026-03-15,ORD-20260315-040,電子機器,ワイヤレスマウス,3,9000,伊藤 誠
